,pulse,resp,sys,dia,hr
0,0.033934706922337854,-0.06762279527653108,135,77,65
1,-0.32426029120675426,-0.06560172965567383,135,77,65
2,-0.533740054438099,-0.06272036901491226,135,77,65
3,-0.5871154830428645,-0.05919293554830022,135,77,65
4,-0.5259984977008584,-0.05550841961427763,135,77,65
5,-0.3965504388465935,-0.051672498240417704,135,77,65
6,-0.213313255865279,-0.04769271861588406,135,77,65
7,-0.02827822533037852,-0.04308539727174848,135,77,65
8,0.031411417578742024,-0.0375315024638428,135,77,65
9,-0.06986312552692361,-0.030982234314409024,135,77,65
10,-0.2225420754083045,-0.022951564318584534,135,77,65
11,-0.2814609100133202,-0.01397357619792177,135,77,65
12,-0.16826364120647833,-0.005316432503116911,135,77,65
13,0.09081099829226728,0.0017693208097588403,135,77,65
14,0.43419853258742147,0.006451369024162448,135,77,65
15,0.7727838210529518,0.00875006799861817,135,77,65
16,1.0464910181241855,0.008278166045081312,135,77,65
17,1.2697628076535217,0.0042136638084558555,135,77,65
18,1.377777060517787,-0.0035696151097604225,135,77,65
19,1.2835027315691765,-0.013488584154041576,135,77,65
20,1.0260472255369828,-0.022714862637628213,135,77,65
21,0.6929034610359458,-0.03004853836530167,135,77,65
22,0.33653499386992836,-0.0361696898849968,135,77,65
23,0.018419999158868307,-0.041593878675682344,135,77,65
24,-0.18381397835359806,-0.046117955616766126,135,77,65
25,-0.2619899941076864,-0.0497881928906357,135,77,65
26,-0.28046723793587186,-0.05317495212905669,135,77,65
27,-0.2670897844473479,-0.0566026482323507,135,77,65
28,-0.232629256099247,-0.06048396327876364,135,77,65
29,-0.22651778328033928,-0.06537308240502747,135,77,65
30,-0.23932613611115755,-0.07090665460037057,135,77,65
31,-0.23167834481952668,-0.07625808846065353,135,77,65
32,-0.20520704451543165,-0.08110976740555924,135,77,65
33,-0.1446703631190715,-0.08549528942051643,135,77,65
34,-0.0417512831761987,-0.08956825067551705,135,77,65
35,0.06132517960848921,-0.09288694671992719,135,77,65
36,0.10956264697573925,-0.09484952253166681,135,77,65
37,0.054667672221190934,-0.09567328403499553,135,77,65
38,-0.09476353008993796,-0.09580653951099963,135,77,65
39,-0.277335001464209,-0.09477081669639895,135,77,65
40,-0.48054997389477877,-0.09149496299422942,135,77,65
41,-0.6921289703296161,-0.08592241876055699,135,77,65
42,-0.7842046116367956,-0.07896591263181467,135,77,65
43,-0.659607019300533,-0.07179971815501256,135,77,65
44,-0.365612319465642,-0.06581390167459698,135,77,65
45,0.055913667396503636,-0.06155914603201468,135,77,65
46,0.5533111407001764,-0.05806553550061801,135,77,65
47,1.0065574260918166,-0.05447519681139256,135,77,65
48,1.2904134900200335,-0.05049998114868111,135,77,65
49,1.3483176197114342,-0.04555848657060396,135,77,65
50,1.2226656647398368,-0.03945310523106995,135,77,65
51,0.937124321844048,-0.032645264492573975,135,77,65
52,0.5283463718359215,-0.025281981163603116,135,77,65
53,0.10709442527181608,-0.0168174760756271,135,77,65
54,-0.2841523376329255,-0.00688021523816783,135,77,65
55,-0.6571325741474754,0.004089558931129498,135,77,65
56,-0.953118687430559,0.015371908238457022,135,77,65
57,-1.1254432462783308,0.02661682770981371,135,77,65
58,-1.217680551411032,0.03789921613025636,135,77,65
59,-1.2902310148231024,0.04911380359704587,135,77,65
60,-1.3371810932521866,0.059550868074577684,135,77,65
61,-1.2837460992592227,0.06797900518504794,135,77,65
62,-1.1152346277697345,0.07324880990348104,135,77,65
63,-0.9105499701540815,0.07534588068693086,135,77,65
64,-0.6967408035156041,0.07503979193607489,135,77,65
65,-0.42794617321538214,0.07274068332585643,135,77,65
66,-0.14178207770690476,0.06862436483981063,135,77,65
67,0.10038041312636026,0.06295180285070918,135,77,65
68,0.3347622877531486,0.05620553692181047,135,77,65
69,0.5722405572745067,0.04898273091699401,135,77,65
70,0.7722247907071107,0.04133686478152349,135,77,65
71,0.9109037487243827,0.033017792990804,135,77,65
72,0.9757424028567936,0.024371368784091758,135,77,65
73,0.9807794828192636,0.016273368929117377,135,77,65
74,0.929108301637567,0.009102958913422981,135,77,65
75,0.7631289065411729,0.0025094128555604514,135,77,65
76,0.47416225161601366,-0.0037232232285951796,135,77,65
77,0.18094802449672664,-0.009566819990196283,135,77,65
78,-0.030341867560911333,-0.015167214797812438,135,77,65
79,-0.19871799555645597,-0.020137585355659966,135,77,65
80,-0.33554786814254217,-0.023710178320122448,135,77,65
81,-0.38755190648158855,-0.02580423204063087,135,77,65
82,-0.3250192666502236,-0.02681289923744588,135,77,65
83,-0.12669526757093025,-0.027619071493759858,135,77,65
84,0.21910570627058001,-0.02902960367794874,135,77,65
85,0.6524684729412956,-0.031033242887349252,135,77,65
86,1.0747928969405087,-0.033705696926122054,135,77,65
87,1.3982542540294516,-0.03662323676423429,135,77,65
88,1.4946273669051082,-0.03839264678994353,135,77,65
89,1.292883812630314,-0.03792972056516377,135,77,65
90,0.885658363521723,-0.034923992935366986,135,77,65
91,0.4101123621238953,-0.02982655091639371,135,77,65
92,-0.030431025575577267,-0.023698355266140114,135,77,65
93,-0.3633006806608047,-0.01803605474188979,135,77,65
94,-0.5983656891018246,-0.013669151873532882,135,77,65
95,-0.8047945015726963,-0.01053298180881229,135,77,65
96,-0.957849713351042,-0.008940466654321189,135,77,65
97,-1.0128401398903562,-0.009130174030377242,135,77,65
98,-1.023984172880825,-0.011018107303053411,135,77,65
99,-1.0330505440003925,-0.014576528481150784,135,77,65
100,-1.0753262300936226,-0.019227049113077863,135,77,65
101,-1.1660290880745166,-0.024380685853375033,135,77,65
102,-1.1974266660910209,-0.029797956684749032,135,77,65
103,-1.0622502230237356,-0.03507950762901125,135,77,65
104,-0.7702847678590542,-0.03999120456398002,135,77,65
105,-0.3755610212391891,-0.04433153404638719,135,77,65
106,0.05709304337349666,-0.048293817516694794,135,77,65
107,0.45565347805444406,-0.05277072328236193,135,77,65
108,0.7498356053914732,-0.058031899742749686,135,77,65
109,0.8630127550698969,-0.06316884050552449,135,77,65
110,0.7990077056166092,-0.06732289138190081,135,77,65
111,0.6363411938097872,-0.07077509739286765,135,77,65
112,0.4195108362007004,-0.07391728900563437,135,77,65
113,0.2257282116657492,-0.07629099075949045,135,77,65
114,0.12015956242716375,-0.07774037342005533,135,77,65
115,0.0754004671521365,-0.07870038565501589,135,77,65
116,0.08100454209374716,-0.0789575288928159,135,77,65
117,0.12432884192247035,-0.0781560462366358,135,77,65
118,0.1286805658075928,-0.07641289918338547,135,77,65
119,0.02259412586800738,-0.07312728903611801,135,77,65
120,-0.17219447756271994,-0.06742294190584572,135,77,65
121,-0.3589310134824397,-0.05952197886120395,135,77,65
122,-0.4544174856353824,-0.05009717480048397,135,77,65
123,-0.4164424144371403,-0.03953084632806288,135,77,65
124,-0.2531329812468291,-0.028531393019463995,135,77,65
125,-0.019682375268274786,-0.01779733470234616,135,77,65
126,0.202053234374199,-0.00688452502217636,135,77,65
127,0.2920081500824006,0.005258073932682707,135,77,65
128,0.1666979297365228,0.019014674490973917,135,77,65
129,-0.10368331772363165,0.03454236418519988,135,77,65
130,-0.35808349162429864,0.05207985217201164,135,77,65
131,-0.49625323556381695,0.07117436506811417,135,77,65
132,-0.4841537302713923,0.09090923834241862,135,77,65
133,-0.31411336122022304,0.10993595216338542,135,77,65
134,-0.015838810239659593,0.12674600948576265,135,77,65
135,0.3463832623387707,0.1404831947046625,135,77,65
136,0.6709162569885572,0.15078594876022955,135,77,65
137,0.8680137680690422,0.1576182654007999,135,77,65
138,0.9428370861552392,0.16070495680231156,135,77,65
139,0.9213820057943993,0.15972743774853046,135,77,65
140,0.8017495891553408,0.1551626621048809,135,77,65
141,0.652024550804767,0.1474254789102705,135,77,65
142,0.5662305487959142,0.13636453729656944,135,77,65
143,0.571714658432776,0.12223648229945985,135,77,65
144,0.6207773059493067,0.10584686013562074,135,77,65
145,0.6650834514890468,0.08763602677756409,135,77,65
146,0.682477026592911,0.06830817439560721,135,77,65
147,0.6281683715891457,0.048710841381553585,135,77,65
148,0.4475983043154506,0.029485127546959013,135,77,65
149,0.11680743887566022,0.011815636765648365,135,77,65
150,-0.3306739257125598,-0.0038483183815117136,135,77,65
151,-0.8473830100472529,-0.017643668040721986,135,77,65
152,-1.3436181595868748,-0.028979371048558553,135,77,65
153,-1.674196298013568,-0.037724299687506624,135,77,65
154,-1.7521986363731368,-0.044952565924764855,135,77,65
155,-1.5978130025211383,-0.05129712017309136,135,77,65
156,-1.2771933708852017,-0.056681036435631695,135,77,65
157,-0.8830050608865202,-0.06148835631577978,135,77,65
158,-0.5467587500677668,-0.06574399828162174,135,77,65
159,-0.35451625216233146,-0.06849028825618766,135,77,65
160,-0.27975736606644275,-0.06908459661351724,135,77,65
161,-0.20639689550235862,-0.06790690614850933,135,77,65
162,-0.04727935310998831,-0.06560257255453757,135,77,65
163,0.17747624395079437,-0.06293237210060552,135,77,65
164,0.40520497170112846,-0.060545553153489806,135,77,65
165,0.6085490571488716,-0.05806777339175305,135,77,65
166,0.7713160888133823,-0.0543576627004527,135,77,65
167,0.8165429188403873,-0.04882725827112808,135,77,65
168,0.7081823422534994,-0.04151110769108726,135,77,65
169,0.4887227502047612,-0.03210863474920861,135,77,65
170,0.20597118463693395,-0.021094134552697087,135,77,65
171,-0.035223018044613585,-0.01026464258845629,135,77,65
172,-0.12807180379203204,-0.0006710661619358195,135,77,65
173,-0.03782815967248318,0.00760682852381218,135,77,65
174,0.20348078000670272,0.014234891805519689,135,77,65
175,0.48447000451499833,0.019353523939311983,135,77,65
176,0.7392265501869851,0.02348769572123215,135,77,65
177,0.9530230228523768,0.02660984158232603,135,77,65
178,1.0263817123670278,0.029148353277498967,135,77,65
179,0.892188082859229,0.03264765777200145,135,77,65
180,0.6032247806218499,0.03828301458110453,135,77,65
181,0.23571376806785743,0.045550551664493046,135,77,65
182,-0.12982287080542504,0.05324495323096735,135,77,65
183,-0.43769725345045574,0.06039519634318906,135,77,65
184,-0.6842056109204364,0.06598691468300473,135,77,65
185,-0.8465134235527294,0.06914383240521671,135,77,65
186,-0.8785131469396344,0.06954155727024251,135,77,65
187,-0.7961931489389132,0.06727330312236496,135,77,65
188,-0.6829496025636892,0.062191466463874016,135,77,65
189,-0.6172036565391696,0.05413605239070322,135,77,65
190,-0.6208989502716632,0.0438828666889423,135,77,65
191,-0.6708589227263282,0.032276074930562684,135,77,65
192,-0.707855768480103,0.01927460969956017,135,77,65
193,-0.6522788357980375,0.004954776670531259,135,77,65
194,-0.5146953335957505,-0.01036096271462322,135,77,65
195,-0.35708983795685545,-0.02602391804135756,135,77,65
196,-0.20362892326336582,-0.04048106240398399,135,77,65
197,-0.10549998356890232,-0.05292243461204986,135,77,65
198,-0.10804304657623015,-0.06375247690366362,135,77,65
199,-0.14781202217058015,-0.07311712773471137,135,77,65
200,-0.11940439584747238,-0.08078273172948672,135,77,65
201,0.01918130502511707,-0.08676297228269664,135,77,65
202,0.273970001838434,-0.09148205453384592,135,77,65
203,0.6130204460319784,-0.09507587613334859,135,77,65
204,0.9396299664592619,-0.09707505119827102,135,77,65
205,1.17529771068748,-0.09697741334870234,135,77,65
206,1.2803438016922513,-0.09452764376072748,135,77,65
207,1.2014562692601012,-0.0899616952536315,135,77,65
208,0.928605137044044,-0.08375834573187041,135,77,65
209,0.5471334604112295,-0.07587928503106044,135,77,65
210,0.16062667556671345,-0.06619502740171736,135,77,65
211,-0.14735897196791958,-0.05520203758395147,135,77,65
212,-0.28172842427294087,-0.043655326970413154,135,77,65
213,-0.23373097213234376,-0.0322026835051038,135,77,65
214,-0.06086847041300139,-0.02145414767754926,135,77,65
215,0.21207656129196692,-0.011822063412546796,135,77,65
216,0.520425115245265,-0.0036440712876808106,135,77,65
217,0.7667818724368742,0.0026597016629809865,135,77,65
218,0.848661911368731,0.007140127467072151,135,77,65
219,0.723236131917627,0.010506117840181153,135,77,65
220,0.4577024417761667,0.013691934425839158,135,77,65
221,0.11438588242752962,0.01723027599533911,135,77,65
222,-0.22599025780772547,0.021220645225602627,135,77,65
223,-0.47274846701853546,0.02581810930634736,135,77,65
224,-0.6486539872434154,0.030695005641171228,135,77,65
225,-0.7654680486105024,0.03523178532433382,135,77,65
226,-0.7923250551515042,0.03930973580981636,135,77,65
227,-0.8158981045868292,0.042437703905406306,135,77,65
228,-0.9333114396767128,0.04412854028612594,135,77,65
229,-1.1359344857432137,0.045345863896617544,135,77,65
230,-1.3517860778148616,0.046819135688696695,135,77,65
231,-1.451356678669445,0.047687617273358913,135,77,65
232,-1.3465096370761744,0.046856478116177006,135,77,65
233,-1.0578532736001134,0.04363321650794637,135,77,65
234,-0.6534842887522425,0.03825471409562714,135,77,65
235,-0.1902171382736909,0.03165064448573251,135,77,65
236,0.30577350395918634,0.024173662913328238,135,77,65
237,0.7739853454271677,0.01573201269031727,135,77,65
238,1.1027568078098877,0.0066363840810734365,135,77,65
239,1.215426794661207,-0.0015520601071401722,135,77,65
240,1.108982953239189,-0.00680211362426754,135,77,65
241,0.8569728328153086,-0.008924190293338755,135,77,65
242,0.5698225401839246,-0.009136215091938432,135,77,65
243,0.28963384883368576,-0.008205980325871859,135,77,65
244,0.027153676236583338,-0.006661128220097041,135,77,65
245,-0.1649326294888415,-0.0049705330023641706,135,77,65
246,-0.27684948358580813,-0.0034094586628082516,135,77,65
247,-0.3349712254195166,-0.0023070272100216447,135,77,65
248,-0.33266664435741006,-0.0017350827827256354,135,77,65
249,-0.26889674367962185,-0.0011286673242354031,135,77,65
250,-0.1366737105378099,0.00019980973777068852,135,77,65
251,0.05762272700134198,0.002110856026611805,135,77,65
252,0.26096881028555324,0.003651361132325467,135,77,65
253,0.4479858788423879,0.0038854713858416635,135,77,65
254,0.6308243925161754,0.002630238811888238,135,77,65
255,0.7872656077488309,9.799910663852167e-05,135,77,65
256,0.887681491310129,-0.0034477350287182122,135,77,65
257,0.9140348128688086,-0.007522708968009325,135,77,65
258,0.799860360479283,-0.011989890446420572,135,77,65
259,0.5182192313643155,-0.01626068808828845,135,77,65
260,0.16505225738066262,-0.01926359863389357,135,77,65
261,-0.09203304964106142,-0.021636758180904023,135,77,65
262,-0.14812833006455675,-0.02482967300557305,135,77,65
263,-0.07749922611535975,-0.028790403710654017,135,77,65
264,-0.022710333129399157,-0.03236308936655236,135,77,65
265,-0.03186488816008094,-0.034631373869768195,135,77,65
266,-0.11709205888918325,-0.035424017401108045,135,77,65
267,-0.3067850294552261,-0.0352547663329419,135,77,65
268,-0.5455697659914754,-0.034926883535134644,135,77,65
269,-0.7365154203757083,-0.03454515352266381,135,77,65
270,-0.8504476561633673,-0.0330161397405035,135,77,65
271,-0.9035239965525492,-0.029564991099145906,135,77,65
272,-0.8645737818237481,-0.024736073574625664,135,77,65
273,-0.6826993032819989,-0.019212307266048972,135,77,65
274,-0.4190006504915419,-0.013691397901181748,135,77,65
275,-0.17090831406956056,-0.008679696677535436,135,77,65
276,0.04195001562669299,-0.0036408821093487677,135,77,65
277,0.20628544699932172,0.001647984222983598,135,77,65
278,0.24354893971739522,0.007023266079736442,135,77,65
279,0.10961102440594653,0.013098993555350665,135,77,65
280,-0.10987300384598311,0.020238852537685616,135,77,65
281,-0.2899704182545476,0.0278008577471218,135,77,65
282,-0.37805382792625825,0.035090705393492246,135,77,65
283,-0.4146702728962238,0.041593312403664276,135,77,65
284,-0.4324926636733976,0.04657048373319696,135,77,65
285,-0.36136621334233987,0.04963912569217117,135,77,65
286,-0.13662428636409554,0.050888992938104345,135,77,65
287,0.18284837944701138,0.05063303560784611,135,77,65
288,0.4809946915278333,0.049649439484405325,135,77,65
289,0.6592624682654363,0.049267718082213696,135,77,65
290,0.7138525045101209,0.05013516963067217,135,77,65
291,0.7596810244418396,0.05116352460723979,135,77,65
292,0.8515763578772133,0.05057109700532755,135,77,65
293,0.9364717601575386,0.0475599756035695,135,77,65
294,0.9793953476357196,0.04304929473732957,135,77,65
295,0.9385455990652419,0.037905945466135536,135,77,65
296,0.7785681899874897,0.032172716915641233,135,77,65
297,0.5525683968463576,0.02642525914875538,135,77,65
298,0.3299262642046695,0.021149645134623318,135,77,65
299,0.09210217652220681,0.017168718737805115,135,77,65
300,-0.1978798608717837,0.015556707915156828,135,77,65
301,-0.4324076573406598,0.015340728714947582,135,77,65
302,-0.4943449316805503,0.014495655837327197,135,77,65
303,-0.43282578568290975,0.011932280214276881,135,77,65
304,-0.3257835191536854,0.008290967630576145,135,77,65
305,-0.17794216769541413,0.004930664608658055,135,77,65
306,-0.007978765447393399,0.0019760417716788332,135,77,65
307,0.10913955828508849,-0.0008683728438865809,135,77,65
308,0.11558632507433345,-0.003413105866964383,135,77,65
309,-0.016336730097282037,-0.004937857715379001,135,77,65
310,-0.27092628580828004,-0.004573523345594066,135,77,65
311,-0.529840123130997,-0.002546453564193228,135,77,65
312,-0.6798109237750696,-4.186532982321223e-05,135,77,65
313,-0.761850026180755,0.0021370292629880163,135,77,65
314,-0.8368844009712841,0.0036926655946177365,135,77,65
315,-0.8552842850506246,0.004268351336863168,135,77,65
316,-0.7881686325204277,0.0038628053880722458,135,77,65
317,-0.7037255433769194,0.002869515975075272,135,77,65
318,-0.6778505541360746,0.0016529281899453786,135,77,65
319,-0.6842072089754814,0.0005149250578752843,135,77,65
320,-0.6307341733128893,-0.0005807209174237756,135,77,65
321,-0.46116081872098447,-0.0022665353183488495,135,77,65
322,-0.1770166235633841,-0.004876636524743583,135,77,65
323,0.15741404588260358,-0.0081862223343377,135,77,65
324,0.4490263766967231,-0.011926427720940165,135,77,65
325,0.6362828568333236,-0.015842031948251026,135,77,65
326,0.716485811747561,-0.02013133594580357,135,77,65
327,0.678772962096586,-0.02475716201879967,135,77,65
328,0.4697393764262815,-0.02908718301797424,135,77,65
329,0.12434278487144163,-0.032142314668120245,135,77,65
330,-0.187131123257781,-0.03314270776068996,135,77,65
331,-0.31021973277980197,-0.03252909773434835,135,77,65
332,-0.2293123427028435,-0.030909388189291072,135,77,65
333,-0.02625040671184068,-0.028395740939339754,135,77,65
334,0.20204809729060713,-0.02502620132292563,135,77,65
335,0.3840847906248863,-0.020855579127565273,135,77,65
336,0.5185094724010074,-0.016184794503765927,135,77,65
337,0.6347918806575019,-0.011162123444512461,135,77,65
338,0.6874739304314895,-0.005460169914461941,135,77,65
339,0.6156858204775497,0.0013405627786204086,135,77,65
340,0.4840271168054648,0.008754690973902083,135,77,65
341,0.3946162265809691,0.01491408947347941,135,77,65
342,0.36317015040841644,0.018235429710427565,135,77,65
343,0.3951475273061332,0.01850017909691048,135,77,65
344,0.4838358305586487,0.016062444748898858,135,77,65
345,0.6072857769721834,0.010704660073766342,135,77,65
346,0.7800545521467727,0.0024465745935238117,135,77,65
347,0.9453115464466121,-0.007039041158490832,135,77,65
348,0.9585614503702795,-0.01585614323278658,135,77,65
349,0.7523532016211867,-0.022704748266697036,135,77,65
350,0.36112899598911147,-0.027086276423245327,135,77,65
351,-0.18565140492454954,-0.0292649464229699,135,77,65
352,-0.7928680794832562,-0.02941755583350139,135,77,65
353,-1.2520685577454977,-0.028305017965401788,135,77,65
354,-1.4073772191524476,-0.027176405392416274,135,77,65
355,-1.2756346907446163,-0.026413709839123417,135,77,65
356,-0.9795124261127925,-0.02557672863358266,135,77,65
357,-0.6262092640496988,-0.024313837350854413,135,77,65
358,-0.32209669129830387,-0.022472402804547986,135,77,65
359,-0.1655201942831961,-0.01977618329527994,135,77,65
360,-0.1441465766136755,-0.01625831920959172,135,77,65
361,-0.13378336270770871,-0.012941226869412613,135,77,65
362,-0.04064458202658018,-0.010770794759297039,135,77,65
363,0.10909322946886368,-0.009650157164224595,135,77,65
364,0.24534207414775827,-0.008935560249647664,135,77,65
365,0.33827870577728836,-0.007766669153744505,135,77,65
366,0.4086114933275,-0.005949145295497626,135,77,65
367,0.45406063689572196,-0.0042374852888059054,135,77,65
368,0.39665792867428973,-0.0031415614881869633,135,77,65
369,0.16071469459165705,-0.0015839953475988088,135,77,65
370,-0.2207486084039325,0.0020556114300416283,135,77,65
371,-0.607880938940653,0.007371394223716269,135,77,65
372,-0.8937667726343597,0.012687841220297954,135,77,65
373,-1.0570001108613203,0.016802634403793943,135,77,65
374,-1.08133232315231,0.019118762106303738,135,77,65
375,-0.9796099490494701,0.019641866085294706,135,77,65
376,-0.8301829869395325,0.01856078448677951,135,77,65
377,-0.7034024067244395,0.015825894932352147,135,77,65
378,-0.6148289731936158,0.011753438056917153,135,77,65
379,-0.5324986807779166,0.00723967598055777,135,77,65
380,-0.3807848054518794,0.0026911905745715487,135,77,65
381,-0.1087791221264214,-0.002512279549174914,135,77,65
382,0.2459038243145665,-0.00918579994728257,135,77,65
383,0.627146659175219,-0.016966107808954575,135,77,65
384,0.9989358915132481,-0.024576834321628965,135,77,65
385,1.2935139436497123,-0.03155788157123123,135,77,65
386,1.458154926776076,-0.03837862340805314,135,77,65
387,1.4982528127916606,-0.04437841665530853,135,77,65
388,1.3963694748472193,-0.048279067694410316,135,77,65
389,1.1295286956021444,-0.050004254265312555,135,77,65
390,0.7930514662560869,-0.0499332803838757,135,77,65
391,0.5275514020619304,-0.04916425847348162,135,77,65
392,0.32542221159785883,-0.049071148346108207,135,77,65
393,0.10805854291279321,-0.04943475824391702,135,77,65
394,-0.10650152636062347,-0.048843146158085646,135,77,65
395,-0.2574603843595697,-0.04655868453150018,135,77,65
396,-0.34559803674259554,-0.0430794921828676,135,77,65
397,-0.41433787593339355,-0.03879504399900738,135,77,65
398,-0.46813346801545885,-0.03329726599402305,135,77,65
399,-0.5083664474858425,-0.026038923016852296,135,77,65
400,-0.551764889905744,-0.017034051540859962,135,77,65
401,-0.5217031195905323,-0.007140706850152719,135,77,65
402,-0.3484006903455874,0.0025739158513210783,135,77,65
403,-0.08705613436591988,0.011200089994513123,135,77,65
404,0.20490164215298295,0.018000074681450835,135,77,65
405,0.49748122009385204,0.022858398216374996,135,77,65
406,0.729971043977675,0.026092026328822845,135,77,65
407,0.8335721475913729,0.02838330660189167,135,77,65
408,0.7420026539051698,0.030979469551528107,135,77,65
409,0.44405543972549993,0.034986919422139495,135,77,65
410,0.0580402899276221,0.04002459437930885,135,77,65
411,-0.24927412794117085,0.044541572759242684,135,77,65
412,-0.4201882724445433,0.04792246726609328,135,77,65
413,-0.48464122085525263,0.05026954162559542,135,77,65
414,-0.4708437945920412,0.05165673112304284,135,77,65
415,-0.4408315640165994,0.052363587477130887,135,77,65
416,-0.45861106843499017,0.05206814884880397,135,77,65
417,-0.5490752569506349,0.0504384480825352,135,77,65
418,-0.7435987890680731,0.047739535966350846,135,77,65
419,-1.0354850503280044,0.04449370021166956,135,77,65
420,-1.3012070239516387,0.041097522495543805,135,77,65
421,-1.375978153155418,0.03696974282991579,135,77,65
422,-1.1862319831190102,0.031191460352698885,135,77,65
423,-0.7884147852713534,0.023783240631245504,135,77,65
424,-0.2941907822696139,0.01580891058599366,135,77,65
425,0.20299575334970205,0.008549567878144454,135,77,65
426,0.6140801727047462,0.002588266444031756,135,77,65
427,0.8676456341194838,-0.0019894667993962368,135,77,65
428,0.9146714111950928,-0.005107207910766287,135,77,65
429,0.7583864838893024,-0.006642296190733771,135,77,65
430,0.5232239435377594,-0.006180894383504901,135,77,65
431,0.32674983073133856,-0.003602877185767985,135,77,65
432,0.21010223196871505,0.0001971799166613443,135,77,65
433,0.20136633490598865,0.004144515159607974,135,77,65
434,0.2971396765892759,0.0074837160934184774,135,77,65
435,0.46594073622274745,0.009580858236762213,135,77,65
436,0.6216274504465568,0.01034670328161775,135,77,65
437,0.630742671255168,0.010398643648920944,135,77,65
438,0.43003171170401355,0.010373863962229477,135,77,65
439,0.06989992318428112,0.011113104836526099,135,77,65
440,-0.33778376476258615,0.013951646495512442,135,77,65
441,-0.6292201146932982,0.018801613832076906,135,77,65
442,-0.6844601536438444,0.024129050433107715,135,77,65
443,-0.5082253463992356,0.02909127094037879,135,77,65
444,-0.16114920235110225,0.03334155584508454,135,77,65
445,0.27123589012412586,0.036557910609816176,135,77,65
446,0.6980412725554234,0.03871589092502467,135,77,65
447,1.05036741377229,0.04013805528142947,135,77,65
448,1.247658524605978,0.04168633100841596,135,77,65
449,1.2346342355280526,0.044241648631553644,135,77,65
450,1.016696958645773,0.04794939852590789,135,77,65
451,0.6300696460972288,0.052429248617147144,135,77,65
452,0.19727327356062893,0.05758386090489499,135,77,65
453,-0.14186388023246826,0.06326848631562298,135,77,65
454,-0.3546282901810684,0.06836151561283542,135,77,65
455,-0.45974739774933077,0.07167107948796003,135,77,65
456,-0.473926659020962,0.07296196502435685,135,77,65
457,-0.47216724431317136,0.0719627205907201,135,77,65
458,-0.5568620746605685,0.06844701971506752,135,77,65
459,-0.7438637761959415,0.06360011520594969,135,77,65
460,-0.966077712357024,0.05872122137230983,135,77,65
461,-1.1294534662770916,0.05350370823082159,135,77,65
462,-1.1762691033385504,0.04727922875710221,135,77,65
463,-1.1374554624519575,0.04034941719498436,135,77,65
464,-1.0431394877120952,0.03315172381437417,135,77,65
465,-0.8541571066218658,0.025185760483153574,135,77,65
466,-0.5585840160423157,0.0154858172834062,135,77,65
467,-0.19940089008411563,0.0035148107361513943,135,77,65
468,0.18018040775810706,-0.010445337397048296,135,77,65
469,0.5493376496492632,-0.024917046702192514,135,77,65
470,0.8492315051210175,-0.03845965870134012,135,77,65
471,1.0068619907507157,-0.05121708841425259,135,77,65
472,1.0080287342849643,-0.06321488261494292,135,77,65
473,0.9278318278333022,-0.0736305118342902,135,77,65
474,0.8192825088936747,-0.08261189285438528,135,77,65
475,0.6721512756133738,-0.09120503974995381,135,77,65
476,0.5234433688100709,-0.0996004504067852,135,77,65
477,0.3958107708795188,-0.10744764588675211,135,77,65
478,0.2398506793255609,-0.11548038594846835,135,77,65
479,0.0018733700302105347,-0.12344055906861102,135,77,65
480,-0.30846804934085564,-0.12986115475411253,135,77,65
481,-0.6097733331005979,-0.13470451681888518,135,77,65
482,-0.7876960393823644,-0.13847026345040025,135,77,65
483,-0.7792000748899308,-0.14139146932085134,135,77,65
484,-0.6428396791828508,-0.14347690222236503,135,77,65
485,-0.42579026878238774,-0.14370754863284485,135,77,65
486,-0.12833997474719058,-0.14109307783095207,135,77,65
487,0.19951174882737877,-0.13663678865888526,135,77,65
488,0.46977263071272674,-0.13101337328426932,135,77,65
489,0.5878195910215186,-0.12299195890926376,135,77,65
490,0.5669315632386644,-0.1120534062441903,135,77,65
491,0.49395079528833363,-0.09872211075524313,135,77,65
492,0.37867915696558996,-0.0838678931680706,135,77,65
493,0.2441667820212384,-0.0683409616861078,135,77,65
494,0.182476949438373,-0.052457627068303654,135,77,65
495,0.2061456847440702,-0.03672522467042415,135,77,65
496,0.24774520852302864,-0.021862363587580775,135,77,65
497,0.27248041169694404,-0.008120540788063417,135,77,65
498,0.2100328457734601,0.0045160319528203575,135,77,65
499,-0.00346366832052155,0.01686274134594903,135,77,65
500,-0.29517189187130954,0.030273955414073968,135,77,65
501,-0.5176507856098236,0.044724843710661114,135,77,65
502,-0.573137563044132,0.059111924668856605,135,77,65
503,-0.47832687740936913,0.07263637787604157,135,77,65
504,-0.295635372145483,0.08497650876323191,135,77,65
505,-0.04925737613682346,0.09590110379990593,135,77,65
506,0.23226881625486784,0.10498575435382088,135,77,65
507,0.45066891575795937,0.11197652950615293,135,77,65
508,0.46222813668908197,0.11712217899680363,135,77,65
509,0.20711704579983886,0.12129152351994696,135,77,65
510,-0.18996164207909708,0.12498546169365846,135,77,65
511,-0.5394096233068508,0.12718271439888268,135,77,65
512,-0.7400762068119603,0.12678207982611336,135,77,65
513,-0.7685518081059599,0.12404740264232497,135,77,65
514,-0.6466799031746749,0.11985441090052579,135,77,65
515,-0.42721171918828743,0.1145180821509224,135,77,65
516,-0.18098382704932697,0.10802470616773127,135,77,65
517,0.006975619966525435,0.10057392470128336,135,77,65
518,0.07386470229070215,0.09242790396226828,135,77,65
519,-0.004102571495958329,0.08426874901857567,135,77,65
520,-0.18338939405765559,0.0768865279600173,135,77,65
521,-0.3471357952204911,0.07039085584418941,135,77,65
522,-0.3688997705391263,0.06413303768035153,135,77,65
523,-0.1908687782484507,0.057544618680512256,135,77,65
524,0.11978040008190788,0.05103761120306356,135,77,65
525,0.4579238399893881,0.04515024850285322,135,77,65
526,0.7478286214242599,0.03961840209570764,135,77,65
527,0.9186282400352689,0.03372572428575105,135,77,65
528,0.9093274335283645,0.027413257468223345,135,77,65
529,0.6878275416157528,0.021396132439864084,135,77,65
530,0.28924229705067434,0.015575668577323128,135,77,65
531,-0.1697504654607047,0.00895665087509417,135,77,65
532,-0.5197363099945702,0.0009501007418835756,135,77,65
533,-0.6668920911877078,-0.00849065725120173,135,77,65
534,-0.630733148369573,-0.019122278730871314,135,77,65
535,-0.4451787458665562,-0.030167978788674235,135,77,65
536,-0.1605668031215307,-0.04079276831929168,135,77,65
537,0.1316370279232294,-0.051056388572508105,135,77,65
538,0.3081947924142284,-0.0611487734737967,135,77,65
539,0.3050319139623712,-0.0700207184580304,135,77,65
540,0.20358867125195124,-0.07689793234044162,135,77,65
541,0.1233240696626024,-0.08257073169853571,135,77,65
542,0.10882504397711658,-0.08736294523235856,135,77,65
543,0.1566266918841671,-0.09020979997693608,135,77,65
544,0.20714260968444162,-0.09013977635823879,135,77,65
545,0.21200445509010568,-0.08766476743702944,135,77,65
546,0.21808751814140917,-0.0838439286326167,135,77,65
547,0.20375986636204074,-0.07944262074096421,135,77,65
548,0.047431663902342866,-0.07541909667694718,135,77,65
549,-0.2801269122681924,-0.0714491384279078,135,77,65
550,-0.6641880907374478,-0.06708255679166215,135,77,65
551,-0.9297312931184797,-0.06385194609233075,135,77,65
552,-0.9705933304356236,-0.06253131336690088,135,77,65
553,-0.7955484981286434,-0.06218125416817725,135,77,65
554,-0.44170653798206694,-0.06173367843500561,135,77,65
555,0.033740696146832255,-0.060770158219079544,135,77,65
556,0.5322870200254389,-0.05995518307789744,135,77,65
557,0.9569216589655885,-0.05917173633028758,135,77,65
558,1.2156821691803061,-0.05706707138109314,135,77,65
559,1.253466382111169,-0.05256325365638722,135,77,65
560,1.1458776945246694,-0.04559374301619699,135,77,65
561,1.03657505183179,-0.03796796983216575,135,77,65
562,0.9603239303753257,-0.03154226006986545,135,77,65
563,0.8573354131413216,-0.025746824348975034,135,77,65
564,0.6954345845980655,-0.018537240098877278,135,77,65
565,0.5072245645445043,-0.009281330100808408,135,77,65
566,0.37089042652191767,0.0006849593419243861,135,77,65
567,0.2739364483697522,0.010163135552593978,135,77,65
568,0.0983629666829957,0.018791430322021865,135,77,65
569,-0.1890549881202072,0.0274664106136758,135,77,65
570,-0.5315363252333112,0.037598720676671075,135,77,65
571,-0.8423948949491677,0.049227928568664946,135,77,65
572,-1.044025007013222,0.06155050583013416,135,77,65
573,-1.1221897444098632,0.07413217077151511,135,77,65
574,-1.133230808641602,0.08699300087132768,135,77,65
575,-1.158204716771372,0.09920847799825935,135,77,65
576,-1.1690888382936395,0.10934186386927479,135,77,65
577,-1.1242213062385364,0.11675068626852127,135,77,65
578,-1.0643736333014528,0.12046840454978966,135,77,65
579,-1.010405115219607,0.12076921303829616,135,77,65
580,-0.940681095716182,0.1193141116161539,135,77,65
581,-0.7760968401864639,0.11582883745585883,135,77,65
582,-0.4890565284525902,0.10882655183397576,135,77,65
583,-0.13913690191555328,0.09776724666837273,135,77,65
584,0.23588179559693162,0.08365711366771193,135,77,65
585,0.5737226392478362,0.06787059861272467,135,77,65
586,0.792883407950848,0.050822018151408646,135,77,65
587,0.8823508384339269,0.033558720203001866,135,77,65
588,0.8456983962548009,0.01759297252128423,135,77,65
589,0.6821013078304549,0.0031223013995038537,135,77,65
590,0.4319109831385588,-0.010101890002710733,135,77,65
591,0.13538911665496495,-0.022075144867638497,135,77,65
592,-0.11450200424949548,-0.03243557812725033,135,77,65
593,-0.20570643139300174,-0.040973944741581496,135,77,65
594,-0.14585949829799297,-0.04840198565933279,135,77,65
595,-0.032284940937991,-0.055449724670660824,135,77,65
596,0.05356944792751024,-0.06250077286269193,135,77,65
597,0.10274547307682354,-0.06937277744789308,135,77,65
598,0.1006396503421621,-0.07539621040911176,135,77,65
599,0.022499851186159534,-0.08034928315814283,135,77,65
600,-0.05375923486093098,-0.08438378461426628,135,77,65
601,0.004660315359165421,-0.08776597145077773,135,77,65
602,0.23505873823138873,-0.09077659258160001,135,77,65
603,0.5464922963825019,-0.09344160741250845,135,77,65
604,0.8767724469641923,-0.09498659146547808,135,77,65
605,1.2194496074389696,-0.09431692246242053,135,77,65
606,1.4975051035924816,-0.09124703292777417,135,77,65
607,1.6065570415550656,-0.08602647213994899,135,77,65
608,1.4686688066960176,-0.07841858444471218,135,77,65
609,1.072366816042765,-0.06768708943063378,135,77,65
610,0.5374477566511914,-0.05370412559737641,135,77,65
611,0.045723176135946286,-0.03795409580513767,135,77,65
612,-0.301038708062047,-0.02207321629201519,135,77,65
613,-0.5346793139271534,-0.006793124050074534,135,77,65
614,-0.7091467331889296,0.00716710587429248,135,77,65
615,-0.8114721880350655,0.01897062696653215,135,77,65
616,-0.8341529427018752,0.028326747057131552,135,77,65
617,-0.8673058904060389,0.03571927641784734,135,77,65
618,-0.986309252614887,0.04176395930646049,135,77,65
619,-1.1579963412873575,0.047169830811837635,135,77,65
620,-1.3401072677022783,0.05261743748602678,135,77,65
621,-1.4440104094768007,0.05778334462799672,135,77,65
622,-1.3710339436011374,0.06169954311088331,135,77,65
623,-1.112549592519352,0.06365291288284482,135,77,65
624,-0.6829599209329642,0.0638548832594422,135,77,65
625,-0.13805359052875904,0.06303390852068567,135,77,65
626,0.42663782569495073,0.061157126154367476,135,77,65
627,0.9180535999986562,0.05801558310447922,135,77,65
628,1.2192152797626867,0.054043264548667765,135,77,65
629,1.2428790216054117,0.04986465493849197,135,77,65
630,1.0212606078925177,0.04558979261435407,135,77,65
631,0.6822247196291378,0.04045910254822088,135,77,65
632,0.37611901742465426,0.033708225507044144,135,77,65
633,0.16747930698684318,0.025719052754252868,135,77,65
634,0.018599971642003516,0.01725590019089763,135,77,65
635,-0.12706176224140958,0.008400806027091019,135,77,65
636,-0.3087776853482431,-0.000987531749735802,135,77,65
637,-0.5302316800655462,-0.01098705746107612,135,77,65
638,-0.7990143220006953,-0.021654329703084348,135,77,65
639,-1.087192686238118,-0.032369612152906437,135,77,65
640,-1.2725997628683208,-0.042080499856382694,135,77,65
641,-1.2396089548945963,-0.05086953390711218,135,77,65
642,-0.9871132433168641,-0.059245743451303456,135,77,65
643,-0.5947539703718148,-0.06657300564422165,135,77,65
644,-0.13286923393961597,-0.07192362850464985,135,77,65
645,0.3530534072283724,-0.07508594128604056,135,77,65
646,0.8060002817518386,-0.07637169621570856,135,77,65
647,1.1612583959421157,-0.07585140295375091,135,77,65
648,1.365324576036541,-0.07316412143352247,135,77,65
649,1.3613038188060118,-0.0679372632864241,135,77,65
650,1.1292340094389903,-0.05989797608597722,135,77,65
651,0.7537124767489092,-0.04938768093740611,135,77,65
652,0.37015841396912164,-0.037464899382756475,135,77,65
653,0.09314873673434382,-0.025697509832113857,135,77,65
654,-0.01569463407705194,-0.015445091928806026,135,77,65
655,-0.010219012706784332,-0.006847338826800792,135,77,65
656,0.038054672496878994,0.00035147687342991724,135,77,65
657,0.11434928495765745,0.006359574710429729,135,77,65
658,0.1243510526949296,0.011591880245623243,135,77,65
659,-0.01998783095359566,0.016217378058014566,135,77,65
660,-0.23155923527465855,0.02024155405677601,135,77,65
661,-0.35700271155377605,0.023533192281273305,135,77,65
662,-0.33377286091648717,0.025832183628516536,135,77,65
663,-0.2144607736264324,0.02721190240620306,135,77,65
664,-0.04064642188367561,0.02781878590396232,135,77,65
665,0.20213300472939777,0.027904254252697665,135,77,65
666,0.4975484283349004,0.027633415904551352,135,77,65
667,0.7670914425262735,0.026582482122697582,135,77,65
668,0.8715536143259826,0.024661598815403012,135,77,65
669,0.7320585731832578,0.022539209878191562,135,77,65
670,0.41476079870802446,0.020758314803686777,135,77,65
671,0.06085566867371334,0.019137872421033656,135,77,65
672,-0.2312959485418098,0.01741875162308007,135,77,65
673,-0.48060001010111286,0.015504185080046662,135,77,65
674,-0.6804963514989362,0.013721425981821229,135,77,65
675,-0.7793361156714069,0.012769564351872665,135,77,65
676,-0.813781657657198,0.012134802163172639,135,77,65
677,-0.8635026793717785,0.011010595873889063,135,77,65
678,-0.9636003603244908,0.009579999319441436,135,77,65
679,-1.0869126210514628,0.00827409215220174,135,77,65
680,-1.164432336965503,0.0077307761178527995,135,77,65
681,-1.133550811790102,0.008317775516902416,135,77,65
682,-0.949334992100932,0.009691672629513962,135,77,65
683,-0.58545341795583,0.011708537841082629,135,77,65
684,-0.10486308186839875,0.01430315252044747,135,77,65
685,0.4166800299595657,0.01670773011256978,135,77,65
686,0.9413660715591259,0.01851377980554898,135,77,65
687,1.3751781418632232,0.020052182568004145,135,77,65
688,1.603160300870968,0.021638107192265395,135,77,65
689,1.59402709530919,0.024233282721446626,135,77,65
690,1.449051462851761,0.029201795000550777,135,77,65
691,1.2632026528358504,0.03660990399983212,135,77,65
692,1.0300216253397685,0.04544021064791297,135,77,65
693,0.7264028871248114,0.05518538359811315,135,77,65
694,0.3639870408010634,0.06556298447688301,135,77,65
695,-0.022494699033106743,0.07580013486871535,135,77,65
696,-0.41223386665022943,0.08508434520712717,135,77,65
697,-0.7496270001239214,0.09226336253726718,135,77,65
698,-1.0042926712787612,0.09620146870293049,135,77,65
699,-1.2141608695548085,0.09666700323658431,135,77,65
700,-1.3862877364689508,0.09456361977565857,135,77,65
701,-1.5096958083086052,0.09129869798796683,135,77,65
702,-1.507462116322638,0.08715436019243224,135,77,65
703,-1.2612278834101267,0.08136365411816868,135,77,65
704,-0.7745517104297119,0.07313245068511942,135,77,65
705,-0.14468387957497744,0.06235571504492157,135,77,65
706,0.5305108369840287,0.049405139358154215,135,77,65
707,1.1469138187280847,0.03416480068205185,135,77,65
708,1.583822858474464,0.016084982557418186,135,77,65
709,1.7572316917164938,-0.005257549742114627,135,77,65
710,1.6440187340393417,-0.028732078202850835,135,77,65
711,1.2847762866161387,-0.05231912041249136,135,77,65
712,0.8095875964536902,-0.0753143894871862,135,77,65
713,0.3179976339071243,-0.0966705015022607,135,77,65
714,-0.1580022990751671,-0.11400472050285115,135,77,65
715,-0.5226659886917738,-0.12594782783957978,135,77,65
716,-0.6994973051718506,-0.13311305908841253,135,77,65
717,-0.7293407209695444,-0.13680039680304418,135,77,65
718,-0.6873459083500392,-0.13739860350603272,135,77,65
719,-0.6771885299718843,-0.1340372494323621,135,77,65
720,-0.760292942103367,-0.1263613276702733,135,77,65
721,-0.8266931015854403,-0.1155098107944294,135,77,65
722,-0.756283081732105,-0.10272184840339552,135,77,65
723,-0.5928023661892647,-0.08864109243921048,135,77,65
724,-0.36781343017652035,-0.07352347907600239,135,77,65
725,-0.03363561637155704,-0.057728594891971935,135,77,65
726,0.3684864320807163,-0.041897141732338716,135,77,65
727,0.7181265356133687,-0.026241730184891298,135,77,65
728,0.9383590759334803,-0.010687546786358897,135,77,65
729,1.0056927703130734,0.004834863727291944,135,77,65
730,0.9415011742846977,0.020228035525432127,135,77,65
731,0.8286024084075913,0.034643504816470896,135,77,65
732,0.6986494152013136,0.046794194191214375,135,77,65
733,0.5154807877887144,0.056165803693480607,135,77,65
734,0.2717541369465667,0.0632401189875685,135,77,65
735,-0.046750383609123786,0.06806045565007456,135,77,65
736,-0.46353887476468375,0.07031653042469817,135,77,65
737,-0.9102957182875526,0.07013826298277004,135,77,65
738,-1.2397336354801816,0.0677273679006645,135,77,65
739,-1.3777710817800233,0.06335874388860935,135,77,65
740,-1.3381982807490587,0.05726037038591247,135,77,65
741,-1.1265312782343213,0.049266106419689065,135,77,65
742,-0.7747474051933156,0.03946757644832411,135,77,65
743,-0.37166806115644424,0.028661206825168234,135,77,65
744,0.013006361549979726,0.017624909496980156,135,77,65
745,0.3603903192272345,0.00715567714806564,135,77,65
746,0.6381058806372053,-0.002240950115189354,135,77,65
747,0.7739757442666307,-0.010549763254397144,135,77,65
748,0.7038986601956376,-0.016975555136982103,135,77,65
749,0.4175685611110733,-0.020621426689338085,135,77,65
750,0.0007408062270333748,-0.021919437631773918,135,77,65
751,-0.35571458509339793,-0.02199187434172089,135,77,65
752,-0.49369940678064206,-0.02178057385797823,135,77,65
753,-0.42736998498427103,-0.021773024785165077,135,77,65
754,-0.23006374057809556,-0.021898213762495324,135,77,65
755,0.05802127352926827,-0.021775205458477647,135,77,65
756,0.36160883540372596,-0.021164256937849617,135,77,65
757,0.5894378721731548,-0.019715560960939398,135,77,65
758,0.672306496471827,-0.016863513649111747,135,77,65
759,0.5942079535841112,-0.012154047554710402,135,77,65
760,0.4555370213381723,-0.005091029900732374,135,77,65
761,0.38159310290363196,0.0043118843495732065,135,77,65
762,0.4135634501387574,0.015232011616764587,135,77,65
763,0.5306058105255785,0.02688511520174538,135,77,65
764,0.665858236028521,0.039036902869217294,135,77,65
765,0.751812200524831,0.0513564445424772,135,77,65
766,0.7569086126471777,0.06316594946777669,135,77,65
767,0.6752584188388114,0.07377078169263687,135,77,65
768,0.5417461507329698,0.0822672278191799,135,77,65
769,0.36228407869966606,0.08863317942099962,135,77,65
770,0.10331164290155526,0.09377694382402355,135,77,65
771,-0.17871259055500305,0.09772216959004226,135,77,65
772,-0.41709142459798876,0.10007012817557738,135,77,65
773,-0.6227006332155753,0.10058799554565814,135,77,65
774,-0.7796764404606213,0.09847014943104138,135,77,65
775,-0.8614963452194033,0.0927035364254547,135,77,65
776,-0.9156908742366618,0.08324409643707946,135,77,65
777,-0.9962470013415745,0.07056724030241447,135,77,65
778,-1.0587578678221277,0.05432948905320554,135,77,65
779,-1.0521533871992184,0.035252951297993065,135,77,65
780,-0.9852673558386896,0.015254538249815245,135,77,65
781,-0.8749336620719256,-0.005147774904314046,135,77,65
782,-0.7178545139119733,-0.025933645505816103,135,77,65
783,-0.48567669704107863,-0.04669238130958355,135,77,65
784,-0.19540030020087903,-0.06716705702554801,135,77,65
785,0.07964596488035991,-0.08677310336457283,135,77,65
786,0.2898095834416144,-0.10463182780132829,135,77,65
787,0.42664654432177906,-0.12053963846981304,135,77,65
788,0.4576340286383947,-0.13490029917952476,135,77,65
789,0.33825569268050426,-0.14711417168975383,135,77,65
790,0.11937022014048103,-0.15599354525164794,135,77,65
791,-0.02747465058566856,-0.16217656809227604,135,77,65
792,0.022054605151032428,-0.16705142998241884,135,77,65
793,0.22447027754592394,-0.17065397242686378,135,77,65
794,0.5257117688116557,-0.1727012046429677,135,77,65
795,0.9247467215779566,-0.17337486973583602,135,77,65
796,1.3601070779353053,-0.1723566980321074,135,77,65
797,1.7050070559542643,-0.16879882513285335,135,77,65
798,1.8249793476731833,-0.16223484931375676,135,77,65
799,1.6679907565196352,-0.15196163632269286,135,77,65
800,1.2833112507291276,-0.13716988737263708,135,77,65
801,0.755767977478448,-0.11894262554700051,135,77,65
802,0.20396586102381167,-0.09922600121681471,135,77,65
803,-0.2967463263817016,-0.07864638223731202,135,77,65
804,-0.7333754965906805,-0.05730464431538508,135,77,65
805,-1.0155937991818909,-0.03566508239862954,135,77,65
806,-1.056785810642235,-0.014451468397023388,135,77,65
807,-0.941434533471448,0.005596094227315166,135,77,65
808,-0.8448213809305515,0.024213847146100528,135,77,65
809,-0.857120383940392,0.04197504079024904,135,77,65
810,-0.9422129977454241,0.05913978502602416,135,77,65
811,-0.9871920352258041,0.07444343422783803,135,77,65
812,-0.9066677529101917,0.08698572067656198,135,77,65
813,-0.7591911345255783,0.09726909998718945,135,77,65
814,-0.6314490014616265,0.10567333787017173,135,77,65
815,-0.5352026895884927,0.11164244550600122,135,77,65
816,-0.43963515261244784,0.11396183022443312,135,77,65
817,-0.3293612579184382,0.11209396993134059,135,77,65
818,-0.24264838298383024,0.10654289052302868,135,77,65
819,-0.17605340362505484,0.09845148274602253,135,77,65
820,-0.04102868344865554,0.08914107560484022,135,77,65
821,0.23368234947318764,0.07900491931893339,135,77,65
822,0.591637463606176,0.06813705226172534,135,77,65
823,0.9244718412054509,0.05703973978218712,135,77,65
824,1.1758533043042227,0.046252840230791396,135,77,65
825,1.3269132697338424,0.03631688349096274,135,77,65
826,1.3759719348190673,0.0280226792635756,135,77,65
827,1.2691686479490625,0.02225089736521501,135,77,65
828,0.9382747105864253,0.019093295726942648,135,77,65
829,0.430620877689767,0.018262948625779003,135,77,65
830,-0.11240289264533594,0.019196710345923892,135,77,65
831,-0.5147867626921198,0.020286906770185846,135,77,65
832,-0.6842670674995683,0.020316108427605242,135,77,65
833,-0.6933992895324724,0.01955016560972001,135,77,65
834,-0.6067581167622663,0.018529941655125063,135,77,65
835,-0.44184075361362163,0.01741972291881392,135,77,65
836,-0.2770921459154909,0.01629225730441309,135,77,65
837,-0.16008052934623346,0.015287806811345188,135,77,65
838,-0.07433182952810219,0.014628336928811667,135,77,65
839,-0.04916317267169067,0.014883876243799296,135,77,65
840,-0.13881613324646982,0.01660513437904026,135,77,65
841,-0.28985773592834274,0.019197807667603928,135,77,65
842,-0.39141312110072246,0.022058083920169315,135,77,65
843,-0.4565729546919903,0.025495821910022202,135,77,65
844,-0.5638197960577207,0.02955695763299419,135,77,65
845,-0.6735363373927186,0.03395486406346396,135,77,65
846,-0.7021111033125498,0.03832290838546648,135,77,65
847,-0.6452590137318596,0.04215168905433621,135,77,65
848,-0.5351093193454434,0.04515513031622496,135,77,65
849,-0.3965796570037772,0.04755124829898361,135,77,65
850,-0.19436426808131269,0.04970736359298845,135,77,65
851,0.10959736445192408,0.051411904571852324,135,77,65
852,0.5051828029702261,0.05187156243068476,135,77,65
853,0.967450075054577,0.05076245039593865,135,77,65
854,1.403456761796978,0.048467636589065874,135,77,65
855,1.6950673345491354,0.04500406566956644,135,77,65
856,1.8126360496487322,0.04031221097510395,135,77,65
857,1.7866777182438447,0.034885676141773646,135,77,65
858,1.594146082951001,0.029042587430750118,135,77,65
859,1.2089222609850048,0.02338155432384642,135,77,65
860,0.7373559171424184,0.018612155801533407,135,77,65
861,0.3220263198916664,0.013953820880963875,135,77,65
862,-0.024735564498782947,0.008330612240173717,135,77,65
863,-0.3778326632454273,0.0019785606156191163,135,77,65
864,-0.7553954494806586,-0.004522488971251732,135,77,65
865,-1.0885156438540422,-0.011315228865024233,135,77,65
866,-1.3270431865606536,-0.018556285440345575,135,77,65
867,-1.49239700429129,-0.025859916290428366,135,77,65
868,-1.596661918014986,-0.033237531329576415,135,77,65
869,-1.6447330724679683,-0.04014546566165336,135,77,65
870,-1.6368614521501912,-0.04549003084056699,135,77,65
871,-1.5296071056986897,-0.0502653536034168,135,77,65
872,-1.3017442801841266,-0.05621266876852514,135,77,65
873,-0.9722128512067465,-0.06362148933243152,135,77,65
874,-0.5934022638003267,-0.07216420307863586,135,77,65
875,-0.2242482946492078,-0.08128740667083449,135,77,65
876,0.12661313124113008,-0.08987514290920508,135,77,65
877,0.4606298956220555,-0.09719840995370688,135,77,65
878,0.735745213342583,-0.1036441330579595,135,77,65
879,0.9399075604805691,-0.1094909340622356,135,77,65
880,1.1461699384470903,-0.11480500294840364,135,77,65
881,1.3929596019790234,-0.11993465659243772,135,77,65
882,1.6161607073837634,-0.12478793287185573,135,77,65
883,1.7660889587334512,-0.1286876708758825,135,77,65
884,1.8527614856832406,-0.13030917817986715,135,77,65
885,1.852064087745699,-0.1285625554043961,135,77,65
886,1.7426839338970361,-0.12384410002380411,135,77,65
887,1.5214068939515124,-0.11640404590623278,135,77,65
888,1.125418419299316,-0.10581255978485178,135,77,65
889,0.524641591553763,-0.09211401328033988,135,77,65
890,-0.1753333813464374,-0.07573878509190654,135,77,65
891,-0.7861539641150355,-0.057872157107845656,135,77,65
892,-1.2055615850296266,-0.03983150751354176,135,77,65
893,-1.4434727508850151,-0.02219657092292843,135,77,65
894,-1.5116156089554895,-0.0048935156979109,135,77,65
895,-1.4632208968553861,0.012505591287022891,135,77,65
896,-1.3955313033296406,0.0298449764421075,135,77,65
897,-1.3508556557506393,0.046340705899362046,135,77,65
898,-1.3388810824405721,0.061462943370626355,135,77,65
899,-1.3804459591209948,0.07551206703703094,135,77,65
900,-1.43321457688484,0.08857700007456347,135,77,65
901,-1.41540132995459,0.099691069364154,135,77,65
902,-1.302208058667588,0.10814631372710387,135,77,65
903,-1.1352143300992805,0.11418353402754161,135,77,65
904,-0.9470959608921513,0.11829382702295654,135,77,65
905,-0.7250248233951201,0.12093297902148475,135,77,65
906,-0.4722266516037201,0.12250899010350245,135,77,65
907,-0.18304142857052397,0.12307975246175352,135,77,65
908,0.15873107585091648,0.12252267845127969,135,77,65
909,0.5387167279963556,0.12082300290519135,135,77,65
910,0.9374038811547596,0.11800683095760048,135,77,65
911,1.3298975786492728,0.11401809232861435,135,77,65
912,1.666253638644986,0.10851151424171569,135,77,65
913,1.8987428833694189,0.10105515264846128,135,77,65
914,2.0332467924797517,0.09159762161948339,135,77,65
915,2.1113666131448983,0.08028221628427827,135,77,65
916,2.1193973788528635,0.06732596137829767,135,77,65
917,1.999657107933212,0.05309097999071195,135,77,65
918,1.7086918872655847,0.03816651763931088,135,77,65
919,1.2314931110765337,0.023879229264809503,135,77,65
920,0.6656094223852572,0.01139760309566628,135,77,65
921,0.16776809695145725,0.0007640050201839759,135,77,65
922,-0.16823575423424048,-0.008396404933255882,135,77,65
923,-0.3257114623713484,-0.016987737570386467,135,77,65
924,-0.3713099733024011,-0.02650222160534292,135,77,65
925,-0.4290449377783077,-0.03707522629765526,135,77,65
926,-0.5818076327551602,-0.04746423456539539,135,77,65
927,-0.8226081491905063,-0.05673478408262681,135,77,65
928,-1.0902940180089522,-0.06462903465559575,135,77,65
929,-1.3168410818161775,-0.07096645835274891,135,77,65
930,-1.4721044919605466,-0.07514452020729233,135,77,65
931,-1.4868157467024603,-0.07709191527278629,135,77,65
932,-1.287423192319414,-0.0771576614775951,135,77,65
933,-0.9129164541468215,-0.07560305732618307,135,77,65
934,-0.47269831907993565,-0.07257564637308689,135,77,65
935,-0.050316695157807234,-0.06794573077750378,135,77,65
936,0.3060464514868228,-0.061916381173159195,135,77,65
937,0.5279097742846985,-0.05507709072825298,135,77,65
938,0.5264718504744916,-0.047559962102417606,135,77,65
939,0.263356497516393,-0.03900775908097099,135,77,65
940,-0.1423913950577652,-0.029783884237775053,135,77,65
941,-0.48044413097919864,-0.02119647617760109,135,77,65
942,-0.6339948772339247,-0.014241701187753617,135,77,65
943,-0.649824627958483,-0.008503323782759666,135,77,65
944,-0.5839126847029558,-0.0032779121743288,135,77,65
945,-0.40607943262690294,0.0012889779670601966,135,77,65
946,-0.15699518682924976,0.005185647455232182,135,77,65
947,0.08432712471188092,0.008708063675353567,135,77,65
948,0.2901480686174032,0.012351240498406678,135,77,65
949,0.40928133492552693,0.016820075754119503,135,77,65
950,0.45463312628966757,0.02232847313488644,135,77,65
951,0.5174342473607314,0.027960443786691137,135,77,65
952,0.611550954824412,0.03236599349273606,135,77,65
953,0.719682415715368,0.03533827752513933,135,77,65
954,0.8329861207094025,0.037334230677210534,135,77,65
955,0.8904882913372612,0.03890602483904426,135,77,65
956,0.8339188921374022,0.040925722796955014,135,77,65
957,0.6739585574050366,0.04357111297524634,135,77,65
958,0.4255363179311464,0.04617527547577161,135,77,65
959,0.08693356280807196,0.048463486894920874,135,77,65
960,-0.2901835731322671,0.05060576755741961,135,77,65
961,-0.6104316219169242,0.05246821607568566,135,77,65
962,-0.7799605254705562,0.053820827076371536,135,77,65
963,-0.8069259160217964,0.05461916399473948,135,77,65
964,-0.7522137979392013,0.05501985017573396,135,77,65
965,-0.6223827856984624,0.05536460029947801,135,77,65
966,-0.4572399000546649,0.05587004367704447,135,77,65
967,-0.3448276999250285,0.056200493008158964,135,77,65
968,-0.3154183280479702,0.055381708169066846,135,77,65
969,-0.3307021586474614,0.05309324933225034,135,77,65
970,-0.32997852160011276,0.04983544674256792,135,77,65
971,-0.2210101076389689,0.045502959182754904,135,77,65
972,0.018014469391514496,0.03996558263837547,135,77,65
973,0.29692197776706886,0.03372080944285627,135,77,65
974,0.5392781035518799,0.026760115595053147,135,77,65
975,0.7575640543390579,0.01884388210908517,135,77,65
976,0.9734366068784357,0.010703783530893234,135,77,65
977,1.0949245300482884,0.0031098327491905463,135,77,65
978,0.9996779171275322,-0.00330216180730089,135,77,65
979,0.6777621206259911,-0.0071800481860604965,135,77,65
980,0.24932319146839535,-0.008148318777695292,135,77,65
981,-0.09156550557537892,-0.007261772512199798,135,77,65
982,-0.21848638822929706,-0.004953149854122537,135,77,65
983,-0.20004745327669315,-0.0013277358076457736,135,77,65
984,-0.12231831643515893,0.0027339613099811237,135,77,65
985,0.0450288040775825,0.006346481620312455,135,77,65
986,0.2685126407445597,0.00856514051160621,135,77,65
987,0.45679193189832795,0.008624419887701058,135,77,65
988,0.5306863414079814,0.007297928335260395,135,77,65
989,0.42747531696163693,0.0060561291535009215,135,77,65
990,0.20727457721026346,0.0058613946568819505,135,77,65
991,-0.026896784832852155,0.0066178240457128315,135,77,65
992,-0.273275445697084,0.0071196993080747065,135,77,65
993,-0.5386112944921433,0.00664586261459517,135,77,65
994,-0.7660837413294705,0.005283836592587707,135,77,65
995,-0.9529269145726386,0.0031480076054727435,135,77,65
996,-1.178863102286863,0.0007209278789644044,135,77,65
997,-1.4505567638610084,-0.0019402775276207659,135,77,65
998,-1.6728517524115405,-0.006093747202128166,135,77,65
999,-1.810020310503302,-0.011860388160068768,135,77,65
1000,-1.8657801956092648,-0.017794520534637797,135,77,65
1001,-1.7504337577671287,-0.024151849597521886,135,77,65
1002,-1.3876047510908052,-0.03237801621891239,135,77,65
1003,-0.8111927013546444,-0.04271956945922468,135,77,65
1004,-0.11172642439484437,-0.05429416113785238,135,77,65
1005,0.5901169644659201,-0.06595452343775407,135,77,65
1006,1.1827984641239593,-0.07708518301331539,135,77,65
1007,1.5955034748508554,-0.08763383264134435,135,77,65
1008,1.7996292216462417,-0.09744584912515901,135,77,65
1009,1.8221039913714585,-0.10542897347538745,135,77,65
1010,1.7595129171538408,-0.11074005550127623,135,77,65
1011,1.7147806321593881,-0.11412382189543799,135,77,65
1012,1.7189253009588423,-0.11609773292065961,135,77,65
1013,1.7498506230420354,-0.1161651102653217,135,77,65
1014,1.7398492309850346,-0.11406133842104221,135,77,65
1015,1.6243368035948582,-0.11033993426109714,135,77,65
1016,1.3998448299709407,-0.10582755189496847,135,77,65
1017,1.0623230669556711,-0.10095735852762965,135,77,65
1018,0.5856119425860828,-0.09550254268196375,135,77,65
1019,0.007146085386279907,-0.08836982967620595,135,77,65
1020,-0.5605277425574128,-0.07896085760910772,135,77,65
1021,-1.0008658908782588,-0.06795836759672581,135,77,65
1022,-1.2566651370390614,-0.05570011460365183,135,77,65
1023,-1.3819415285612489,-0.04210671870936382,135,77,65
1024,-1.4516829348597748,-0.027755817483417503,135,77,65
1025,-1.4416543526083683,-0.013635663955100488,135,77,65
1026,-1.3271839050389667,-0.0006400958269339391,135,77,65
1027,-1.1511296829478481,0.010723987364377555,135,77,65
1028,-0.965749930889948,0.020377646861950066,135,77,65
1029,-0.832146657474943,0.028710005226507705,135,77,65
1030,-0.7467769129315592,0.0364190254543128,135,77,65
1031,-0.6336952404583407,0.04364564275621555,135,77,65
1032,-0.47476350972614645,0.04949370877307265,135,77,65
1033,-0.3063027287646673,0.052941420146377365,135,77,65
1034,-0.13952257433973292,0.05396990629683936,135,77,65
1035,0.028991774836466214,0.053271613439725855,135,77,65
1036,0.21331579977803955,0.05138790547153772,135,77,65
1037,0.445218028597819,0.048469510669196254,135,77,65
1038,0.6821823407149379,0.04441265976348141,135,77,65
1039,0.8167206271626049,0.03962016477489279,135,77,65
1040,0.8111054172155712,0.03494190659488677,135,77,65
1041,0.6971985246763475,0.030636481406256452,135,77,65
1042,0.5077081281418987,0.026464271101156706,135,77,65
1043,0.288462547072851,0.02252011350733568,135,77,65
1044,0.07191185359307901,0.019270453473022548,135,77,65
1045,-0.14483085935881732,0.01639084832939995,135,77,65
1046,-0.3390327169438771,0.01312362769422148,135,77,65
1047,-0.47217309281236136,0.009430443608204234,135,77,65
1048,-0.564942303888395,0.00513224258819321,135,77,65
1049,-0.6501824119673524,0.0004962777516507137,135,77,65
1050,-0.6992018951086757,-0.002921255553425985,135,77,65
1051,-0.6697185639172315,-0.004662205323416664,135,77,65
1052,-0.557297733245213,-0.005602192249327107,135,77,65
1053,-0.39297660177444954,-0.0062519495570036625,135,77,65
1054,-0.17977431449337275,-0.006910894711201061,135,77,65
1055,0.09338886539671246,-0.00753099333188021,135,77,65
1056,0.3534187978182147,-0.007826711438281404,135,77,65
1057,0.5063373965015177,-0.00781068480977185,135,77,65
1058,0.5376151088870873,-0.00752321021282568,135,77,65
1059,0.47581712149795374,-0.006673405603779062,135,77,65
1060,0.37550828213199194,-0.0048961235147183535,135,77,65
1061,0.2953719499940033,-0.002558102518980442,135,77,65
1062,0.27151902639917036,-0.0004798251487553644,135,77,65
1063,0.3266297443453543,0.0012304426673631487,135,77,65
1064,0.4061049236670953,0.0028589270296416865,135,77,65
1065,0.4640253500921103,0.004102213694500492,135,77,65
1066,0.5229846910851612,0.0047087307756796745,135,77,65
1067,0.5283133606582446,0.005091770309163323,135,77,65
1068,0.38823312038768,0.005515463105412673,135,77,65
1069,0.14246178131682616,0.00610853402647442,135,77,65
1070,-0.06225744422817511,0.0071774006266070904,135,77,65
1071,-0.1322367649754992,0.008544867007982173,135,77,65
1072,-0.08049383430876947,0.010132350410675001,135,77,65
1073,0.035235351121942274,0.012230442896292909,135,77,65
1074,0.1912672613127231,0.014646688690740877,135,77,65
1075,0.3568431769693675,0.017046316647156955,135,77,65
1076,0.4720130180803984,0.01887083695998299,135,77,65
1077,0.48699502741940665,0.019422774560194974,135,77,65
1078,0.36175839024308015,0.018297417483069064,135,77,65
1079,0.13580962024417942,0.016121791077608517,135,77,65
1080,-0.08911585072735864,0.014554088645442652,135,77,65
1081,-0.24207471265493274,0.014085005604529108,135,77,65
1082,-0.31220028702891567,0.013876277089171852,135,77,65
1083,-0.35640273989871285,0.013149027040392043,135,77,65
1084,-0.4102769438627257,0.011470818934523511,135,77,65
1085,-0.4058680259195192,0.00881681511154184,135,77,65
1086,-0.32124656304034893,0.005500879290618833,135,77,65
1087,-0.21174943905926574,0.0015962229002512455,135,77,65
1088,-0.11250509174078313,-0.002766758251382902,135,77,65
1089,-0.05723250001883757,-0.007164642151524087,135,77,65
1090,-0.03427295940309097,-0.011657307909223086,135,77,65
1091,-0.03957176959461695,-0.016594832887203512,135,77,65
1092,-0.08204000077276911,-0.022371241344628343,135,77,65
1093,-0.1334119760753773,-0.029074216411499154,135,77,65
1094,-0.20599790043702926,-0.036335030719460745,135,77,65
1095,-0.2696002250568589,-0.043754725721753436,135,77,65
1096,-0.2685252161259538,-0.05051896101163956,135,77,65
1097,-0.24893358719575598,-0.055901370968574005,135,77,65
1098,-0.28642640847868533,-0.059412674710066844,135,77,65
1099,-0.39490850486408496,-0.06003822795182988,135,77,65
1100,-0.5032716162003824,-0.05747022283113146,135,77,65
1101,-0.5278432393449024,-0.052766172033273585,135,77,65
1102,-0.45690494076388494,-0.04645363690801353,135,77,65
1103,-0.3347056064029213,-0.03851886000197869,135,77,65
1104,-0.1867740548962326,-0.029317316941420653,135,77,65
1105,-0.025317512669309927,-0.01861514419166433,135,77,65
1106,0.12528468584621674,-0.006049438090469695,135,77,65
1107,0.2436529837362973,0.008553500801855315,135,77,65
1108,0.27230817382881467,0.025597764483087662,135,77,65
1109,0.15783238367915842,0.04543075928115472,135,77,65
1110,-0.05145677611834176,0.0679921568746375,135,77,65
1111,-0.2629002292655477,0.09213486891347736,135,77,65
1112,-0.4569731481237594,0.11633058302740383,135,77,65
1113,-0.6133080829672248,0.1396774403845047,135,77,65
1114,-0.6752556751626397,0.16175072158734194,135,77,65
1115,-0.6408424866093733,0.18198154485587084,135,77,65
1116,-0.5209638850300649,0.1994442809717703,135,77,65
1117,-0.3036888627102657,0.21349284323461865,135,77,65
1118,-0.031069299688421523,0.22394706026976363,135,77,65
1119,0.22532252442472792,0.23139400064584242,135,77,65
1120,0.4660492166705827,0.236786820551882,135,77,65
1121,0.7097610768499315,0.24015050551831862,135,77,65
1122,0.9435243311328056,0.24108734580803465,135,77,65
1123,1.200693162074521,0.23909194718080876,135,77,65
1124,1.5041363904771747,0.23321377657654768,135,77,65
1125,1.7925881503609467,0.22297546787121642,135,77,65
1126,1.989396450684465,0.20886994641263174,135,77,65
1127,2.0040654004709504,0.19139550973240563,135,77,65
1128,1.7733138031120543,0.17035326595339603,135,77,65
1129,1.3607984055857558,0.14579385107611226,135,77,65
1130,0.9007613141179043,0.11824470786261562,135,77,65
1131,0.4577283733306939,0.08735074977520138,135,77,65
1132,0.014236004566353239,0.05190990460656261,135,77,65
1133,-0.41870733929246134,0.011481566640517887,135,77,65
1134,-0.7831288603093063,-0.032104382748896695,135,77,65
1135,-1.0204334530397985,-0.07562499641926618,135,77,65
1136,-1.1104864233062297,-0.11708105025495542,135,77,65
1137,-1.123505876033834,-0.15498021551928595,135,77,65
1138,-1.1930769590025083,-0.18750613463102722,135,77,65
1139,-1.3592796245990635,-0.21404324025470636,135,77,65
1140,-1.5207773321220104,-0.23530839184917085,135,77,65
1141,-1.5710956276342256,-0.2527711775417779,135,77,65
1142,-1.4725005553192125,-0.26693215881879545,135,77,65
1143,-1.2111477425740946,-0.276885061928933,135,77,65
1144,-0.7893227829311467,-0.28213610149034757,135,77,65
1145,-0.2778278146419882,-0.2831866742849526,135,77,65
1146,0.23865061454562222,-0.28104867204833955,135,77,65
1147,0.6894857427262133,-0.27635949487608663,135,77,65
1148,0.9663671930268869,-0.26948227432824323,135,77,65
1149,0.9812014072361434,-0.2596341463895546,135,77,65
1150,0.772989001846602,-0.2450789729607763,135,77,65
1151,0.45978296831412857,-0.22615429383022861,135,77,65
1152,0.13870953347833503,-0.20469955598584094,135,77,65
1153,-0.16006118111017847,-0.18169675319629977,135,77,65
1154,-0.43118416644456076,-0.15759650918041468,135,77,65
1155,-0.6109890024753064,-0.13319437984948984,135,77,65
1156,-0.6676578021221323,-0.10927876716976276,135,77,65
1157,-0.6046799929290605,-0.08628660974291714,135,77,65
1158,-0.43384070649421413,-0.06442932774284198,135,77,65
1159,-0.26111057938010573,-0.043483798472368766,135,77,65
1160,-0.14700533929921847,-0.023145478431151056,135,77,65
1161,-0.03602248560544727,-0.004264942260368683,135,77,65
1162,0.07027877833366113,0.011621556414050124,135,77,65
1163,0.17120774576520487,0.02438963752222531,135,77,65
1164,0.32459061296541275,0.035033313864871254,135,77,65
1165,0.4822439326170754,0.04371287686529828,135,77,65
1166,0.5623785024880411,0.0502117780485281,135,77,65
1167,0.6049957604686823,0.05521784415248085,135,77,65
1168,0.6431592376808316,0.059429015128423066,135,77,65
1169,0.6197524393410923,0.06315039355796324,135,77,65
1170,0.506168818305591,0.06661304850522376,135,77,65
1171,0.3507687408255343,0.06975818666796173,135,77,65
1172,0.20310132784455281,0.07254748712221899,135,77,65
1173,0.08502280180676536,0.07451697686415201,135,77,65
1174,0.042546100222243165,0.07474658473356509,135,77,65
1175,0.09276424917319012,0.07249575820733643,135,77,65
1176,0.17066760029248113,0.06768280860527653,135,77,65
1177,0.2146859088898807,0.06124705298063505,135,77,65
1178,0.19873503152147529,0.05442743577269446,135,77,65
1179,0.11824461905409892,0.04826601652081614,135,77,65
1180,0.05251003380909142,0.0431436759718715,135,77,65
1181,0.08551129806426547,0.03871582237484335,135,77,65
1182,0.1504651401795116,0.034904652633983416,135,77,65
1183,0.16507024068245738,0.03198705503186116,135,77,65
1184,0.1096959372599294,0.03024428179925439,135,77,65
1185,-0.06294184006905996,0.029850064812227784,135,77,65
1186,-0.3345130142992153,0.030307285384184656,135,77,65
1187,-0.6461682732766513,0.030693533725613262,135,77,65
1188,-0.9970275388972192,0.030554670158865063,135,77,65
1189,-1.323804748210056,0.030678924700608654,135,77,65
1190,-1.485799766092002,0.032456469080945516,135,77,65
1191,-1.3988722060978471,0.035757401774122115,135,77,65
1192,-1.0683011627161907,0.03941324892228466,135,77,65
1193,-0.5701884745371535,0.04259959070983164,135,77,65
1194,-0.01863404661272839,0.04481429508899984,135,77,65
1195,0.4923472115091216,0.0460248543379587,135,77,65
1196,0.9055874538148383,0.04628024665511247,135,77,65
1197,1.1608109730754048,0.04561175579216675,135,77,65
1198,1.213029803464492,0.04467504240798459,135,77,65
1199,1.1109353436793103,0.045428327322126025,135,77,65
1200,0.9673312091461279,0.04931737364002669,135,77,65
1201,0.8766082483793556,0.05493441034557222,135,77,65
1202,0.8355454466008074,0.06031087623506704,135,77,65
1203,0.7602012396191635,0.06475822608027437,135,77,65
1204,0.6106726013027965,0.06813607891903689,135,77,65
1205,0.43770302721334764,0.07022693549372695,135,77,65
1206,0.32920329312466196,0.07007724609639196,135,77,65
1207,0.2835928751868398,0.0668795247477936,135,77,65
1208,0.16561634681669676,0.0612449312844003,135,77,65
1209,-0.12647087124122464,0.05472168649939351,135,77,65
1210,-0.5305410723454088,0.0483246546084137,135,77,65
1211,-0.8984391005800405,0.04187079347410179,135,77,65
1212,-1.1240056161759147,0.03512573847664147,135,77,65
1213,-1.1531854172474114,0.028384948672340732,135,77,65
1214,-0.9832232282761189,0.02203225484567646,135,77,65
1215,-0.6923814353150903,0.016182128176987182,135,77,65
1216,-0.37463710836855435,0.010618859671329316,135,77,65
1217,-0.13112914384965513,0.00549066378821756,135,77,65
1218,-0.06734530671263414,0.0009865084028038054,135,77,65
1219,-0.19570558365524882,-0.0027235473273299576,135,77,65
1220,-0.4215092895826884,-0.005390203661393612,135,77,65
1221,-0.600702224639731,-0.007771380817918896,135,77,65
1222,-0.6426533853110179,-0.011133039855532087,135,77,65
1223,-0.5662984892104297,-0.016239597181405104,135,77,65
1224,-0.40324427121333256,-0.023470062186320605,135,77,65
1225,-0.1720816338972074,-0.03291933598443615,135,77,65
1226,0.08317121957441946,-0.04456270918416747,135,77,65
1227,0.30540800228605924,-0.05811225561002313,135,77,65
1228,0.42438470393015315,-0.07271945290798613,135,77,65
1229,0.4112317692816522,-0.08664676134940592,135,77,65
1230,0.3307901907352073,-0.09786293626881769,135,77,65
1231,0.2819925740572099,-0.10596674979936163,135,77,65
1232,0.3141567436577219,-0.11162722646962529,135,77,65
1233,0.4080560531821213,-0.11490030687538942,135,77,65
1234,0.4772948455821575,-0.11576031359212047,135,77,65
1235,0.4899931222192796,-0.11472334524203524,135,77,65
1236,0.49858557173697265,-0.11220152437727401,135,77,65
1237,0.4709572821188546,-0.10805569491470333,135,77,65
1238,0.3137398062889748,-0.10202595674180555,135,77,65
1239,0.016746568725070396,-0.0936735932328382,135,77,65
1240,-0.32395961698207454,-0.0823496090460297,135,77,65
1241,-0.5740494144033499,-0.06831062849247953,135,77,65
1242,-0.6352387108975179,-0.052700971538722524,135,77,65
1243,-0.5083757865151806,-0.03645937388120161,135,77,65
1244,-0.2245241095179061,-0.020434056624849383,135,77,65
1245,0.19432093409877133,-0.005175197684083192,135,77,65
1246,0.6480414848547409,0.009365309891694498,135,77,65
1247,0.9922932954302892,0.02302782914838577,135,77,65
1248,1.1370916176891614,0.035331075445000276,135,77,65
1249,1.077168291618947,0.04626936645534363,135,77,65
1250,0.8917743227991923,0.0559522865807792,135,77,65
1251,0.6831705347273818,0.06374951461561865,135,77,65
1252,0.4566508181127511,0.06916879224367017,135,77,65
1253,0.20256870254116185,0.0722822130906949,135,77,65
1254,-0.03164049007670551,0.07339425014898221,135,77,65
1255,-0.2124409697651039,0.07309138143825908,135,77,65
1256,-0.29146134700496606,0.07164368285430771,135,77,65
1257,-0.27543438124366004,0.06915575882912836,135,77,65
1258,-0.2904888864609033,0.06579020316387953,135,77,65
1259,-0.4054822555550104,0.06252790709414535,135,77,65
1260,-0.512473650471563,0.06073288233348168,135,77,65
1261,-0.4958714180586552,0.06002203717380755,135,77,65
1262,-0.39498619454449324,0.05922099210830395,135,77,65
1263,-0.2689042069032408,0.05767476386807726,135,77,65
1264,-0.12245411134318178,0.05514555620976213,135,77,65
1265,-0.003128908704137942,0.05137400905538429,135,77,65
1266,0.05530861672642414,0.045728608828635275,135,77,65
1267,0.035402329787879216,0.037476010701134224,135,77,65
1268,-0.12108233163462158,0.02647140651665117,135,77,65
1269,-0.4074584912281596,0.014490957773191412,135,77,65
1270,-0.7057411080563275,0.00375485432830628,135,77,65
1271,-0.898771892551418,-0.005799064543518877,135,77,65
1272,-0.9439679127713655,-0.015001247219083361,135,77,65
1273,-0.8502071681192335,-0.023888697479972403,135,77,65
1274,-0.657010952412728,-0.0327896600423549,135,77,65
1275,-0.41080054933063237,-0.042081867121929836,135,77,65
1276,-0.15076934074364767,-0.05114530280493439,135,77,65
1277,0.07934223623362888,-0.05920888247496157,135,77,65
1278,0.2205528550888719,-0.0663325159840997,135,77,65
1279,0.22812840065838516,-0.07239455927060401,135,77,65
1280,0.12221587837411618,-0.07688444072028357,135,77,65
1281,-0.023973919763942864,-0.08010642136819181,135,77,65
1282,-0.15495380000186318,-0.0829357492587078,135,77,65
1283,-0.26884323748287914,-0.08599592808357229,135,77,65
1284,-0.3478966787228452,-0.08935594089538697,135,77,65
1285,-0.34491448717093254,-0.09252410359149871,135,77,65
1286,-0.27017952762599773,-0.09512419222848786,135,77,65
1287,-0.1708061434397692,-0.09721226669239973,135,77,65
1288,-0.08482551078663705,-0.0985310299555726,135,77,65
1289,-0.038152733150073254,-0.09811842333248606,135,77,65
1290,0.006212110511591762,-0.09577705829226808,135,77,65
1291,0.10734427823673152,-0.09271653885769107,135,77,65
1292,0.27868470604626255,-0.08990902688450801,135,77,65
1293,0.5025332612858688,-0.08738323072982673,135,77,65
1294,0.7379628837320729,-0.0846758138386295,135,77,65
1295,0.9764658328520135,-0.08136091556799402,135,77,65
1296,1.2275977670989884,-0.07728020652967299,135,77,65
1297,1.4314442946416026,-0.07245329473311143,135,77,65
1298,1.4784876476506281,-0.06678100040089215,135,77,65
1299,1.30580081699861,-0.05934194893938538,135,77,65
1300,0.9701624597764373,-0.048982708765865746,135,77,65
1301,0.5962458475522114,-0.03570101045528112,135,77,65
1302,0.30202593353288804,-0.020885913955142298,135,77,65
1303,0.1698779397994583,-0.006467820206280883,135,77,65
1304,0.1867535422918662,0.006367317416044493,135,77,65
1305,0.24362218102581623,0.017478386785438955,135,77,65
1306,0.21482310139095329,0.0269919437391778,135,77,65
1307,0.018603336426211536,0.03511079685314939,135,77,65
1308,-0.3147011190650592,0.042144122664613336,135,77,65
1309,-0.6676368302056759,0.048671687649877005,135,77,65
1310,-0.9310043673426465,0.055424359277234256,135,77,65
1311,-1.0468929213056568,0.062051068134948185,135,77,65
1312,-0.9883678107253676,0.0676335440794258,135,77,65
1313,-0.7252701519675633,0.07211917060472614,135,77,65
1314,-0.30584733371738526,0.07571662942788453,135,77,65
1315,0.14454453729273148,0.07841149258474413,135,77,65
1316,0.5263709162930865,0.08036712965338201,135,77,65
1317,0.7544525193835512,0.08173827749825013,135,77,65
1318,0.7206857809593953,0.0825275720013553,135,77,65
1319,0.3874892799721519,0.08342681304029034,135,77,65
1320,-0.13430420534427484,0.0855634576835148,135,77,65
1321,-0.6862654008262898,0.08888148216056393,135,77,65
1322,-1.1242029112260759,0.09249763735671984,135,77,65
1323,-1.352445566187786,0.09553206789073282,135,77,65
1324,-1.3491482433228776,0.09731709720961082,135,77,65
1325,-1.1325634273722482,0.0976470608506613,135,77,65
1326,-0.7970982435384968,0.0962654450948025,135,77,65
1327,-0.4623536376989137,0.09248527042796421,135,77,65
1328,-0.2156494556021871,0.08598302879782481,135,77,65
1329,-0.11384261886081876,0.0775995576490958,135,77,65
1330,-0.14011159204002727,0.0684573164858664,135,77,65
1331,-0.20920851335574142,0.059323821220001356,135,77,65
1332,-0.21913545691095465,0.05056985848828928,135,77,65
1333,-0.138980598796712,0.042185992466454984,135,77,65
1334,-0.014528716917028506,0.03426711362935838,135,77,65
1335,0.10601725494318093,0.026709609213921695,135,77,65
1336,0.20554915341630897,0.01898134955391039,135,77,65
1337,0.2812863816073489,0.010721606606612016,135,77,65
1338,0.28703475880071233,0.002042889402592142,135,77,65
1339,0.20325101397533124,-0.006359277930879128,135,77,65
1340,0.10980585443767468,-0.013324075403273314,135,77,65
1341,0.07697480782405147,-0.017970476744804977,135,77,65
1342,0.09841788307470645,-0.02003797200293641,135,77,65
1343,0.11417545567011542,-0.01999716479725874,135,77,65
1344,0.11577498549944258,-0.019182213855354124,135,77,65
1345,0.20130310493760653,-0.0190853249187872,135,77,65
1346,0.41000221422490213,-0.020648911226839674,135,77,65
1347,0.6561006898944564,-0.024234185319356814,135,77,65
1348,0.8275269839551812,-0.029670380802028634,135,77,65
1349,0.8731952948483364,-0.036610543887956794,135,77,65
1350,0.7992768297572657,-0.04408790871530992,135,77,65
1351,0.6079153279090534,-0.0504000850125756,135,77,65
1352,0.3794438880255969,-0.05485342332208277,135,77,65
1353,0.2369199554860452,-0.057929998077036915,135,77,65
1354,0.19307691150255246,-0.06040261048406794,135,77,65
1355,0.21628980402118192,-0.06296762629691985,135,77,65
1356,0.2804048199821259,-0.06590433565257288,135,77,65
1357,0.32203027445689136,-0.06929317623524957,135,77,65
1358,0.2886277993351456,-0.0723942214703691,135,77,65
1359,0.1787158322531402,-0.07357378299316064,135,77,65
1360,0.05323584575338115,-0.07244016681511546,135,77,65
1361,0.02052847155234122,-0.0704290681131607,135,77,65
1362,0.08649376438502249,-0.06930312662173235,135,77,65
1363,0.16021158187981693,-0.07006542636753485,135,77,65
1364,0.20103714657131094,-0.07223002642130176,135,77,65
1365,0.21986299881852445,-0.07483954102863263,135,77,65
1366,0.269594538075726,-0.07801468738255468,135,77,65
1367,0.3463579643157816,-0.08204827742643032,135,77,65
1368,0.3391902288063489,-0.08678134128251593,135,77,65
1369,0.1669464235412224,-0.09101351154262691,135,77,65
1370,-0.1455967590947998,-0.0929235874177384,135,77,65
1371,-0.4778127164299546,-0.09279235629211496,135,77,65
1372,-0.7078209142846328,-0.09226245335788771,135,77,65
1373,-0.8337202849465674,-0.09191761720492014,135,77,65
1374,-0.9570133866986315,-0.09106899485763949,135,77,65
1375,-1.1175857726931777,-0.08879376194783645,135,77,65
1376,-1.258905476328532,-0.08503359145626471,135,77,65
1377,-1.381206624231656,-0.08028538413766176,135,77,65
1378,-1.5062337327656956,-0.07505407598344752,135,77,65
1379,-1.578717438016737,-0.06900497347506038,135,77,65
1380,-1.512304896289598,-0.06138664939322179,135,77,65
1381,-1.2330528503960667,-0.05307127344998628,135,77,65
1382,-0.7514940671752385,-0.04559003994496174,135,77,65
1383,-0.1672342604718461,-0.039569505270260485,135,77,65
1384,0.40487049723816526,-0.03491328504821274,135,77,65
1385,0.8817170334579062,-0.031333278113803716,135,77,65
1386,1.229922959656335,-0.029081180455236798,135,77,65
1387,1.414144856919627,-0.02869867592271814,135,77,65
1388,1.3756333595780246,-0.03040352858745045,135,77,65
1389,1.1207440712353245,-0.03383478006427459,135,77,65
1390,0.7704947536483362,-0.03820226110512476,135,77,65
1391,0.48127554211126156,-0.043160195972430926,135,77,65
1392,0.3364771938724894,-0.04891099754602926,135,77,65
1393,0.3133810779275808,-0.05543324320131315,135,77,65
1394,0.35013335500853826,-0.06267374853211466,135,77,65
1395,0.4087796839892218,-0.07039259640115221,135,77,65
1396,0.4722907708353459,-0.07732667639100171,135,77,65
1397,0.5011652944539545,-0.08171208047701017,135,77,65
1398,0.4277502406508459,-0.08248104552331297,135,77,65
1399,0.24188355161235398,-0.07968815833999163,135,77,65
1400,0.05069937841033461,-0.0740577027691179,135,77,65
1401,-0.04771147956124508,-0.06660837009765577,135,77,65
1402,-0.06785367509674528,-0.0584600317792114,135,77,65
1403,-0.01368935022680845,-0.0504272044830684,135,77,65
1404,0.11905027577623148,-0.04304161637638485,135,77,65
1405,0.2783694593188273,-0.036729194467370364,135,77,65
1406,0.3954684460162038,-0.03151105889870935,135,77,65
1407,0.3965501555659386,-0.027286631345445067,135,77,65
1408,0.2229133441294756,-0.024197347968182542,135,77,65
1409,-0.11391039259019331,-0.022050770861802665,135,77,65
